event_id,date,state,district,place,lat,lon,hazard_type,cause,deaths_reported,actual_severity,source
HIST-01,2025-08-14,Jammu and Kashmir,Kishtwar,Chositi (Chashoti),33.312,75.767,flood,cloudburst,68,CRITICAL,https://en.wikipedia.org/wiki/2025_Kishtwar_district_flash_flood
HIST-02,2025-08-05,Uttarakhand,Uttarkashi,Dharali (Harsil sector),30.99,78.76,flood,cloudburst_or_GLOF,5,CRITICAL,https://en.wikipedia.org/wiki/2025_Uttarakhand_flash_flood
HIST-03,2025-08-26,Jammu and Kashmir,Reasi,Katra (Vaishno Devi route),33.03,74.95,landslide,heavy_rain,30,CRITICAL,https://www.aljazeera.com/news/2025/8/27/at-least-30-people-killed-in-landslide-as-heavy-rains-batter-northern-india
HIST-04,2025-06-30,Himachal Pradesh,Mandi,Mandi district cloudburst cluster,31.708,76.932,flood,cloudburst,5,CRITICAL,https://www.newsonair.gov.in/heavy-rains-lash-himachal-pradesh-cloudbursts-flash-floods-claim-5-lives
HIST-05,2025-08-20,Punjab,Multiple (Beas/Sutlej belt),"Punjab floods (Kapurthala area, representative point)",31.23,75.7,flood,heavy_monsoon_plus_dam_release,55,CRITICAL,https://en.wikipedia.org/wiki/2025_Punjab_India_floods
HIST-06,2025-10-06,Bihar,Sitamarhi/Supaul belt,Nepal-border flood spillover (representative point),26.28,86.6,flood,heavy_monsoon_upstream_nepal,47,CRITICAL,https://www.aljazeera.com/video/newsfeed/2025/10/6/video-dozens-killed-in-flash-flooding-and-landslides-in-nepal-and-india
HIST-07,2026-06-28,Assam,Dibrugarh/Lakhimpur/Dhemaji,Assam-Arunachal flood wave,27.473,94.912,flood,heavy_monsoon_upstream_arunachal,3,HIGH,https://india.mongabay.com/short-article/2026/06/floods-and-landslides-batter-northeast-india/
HIST-08,2026-06-28,Sikkim,North Sikkim,Dzongu / Phidang (Phee Khola bridge washed away),27.72,88.55,flood,heavy_monsoon,0,HIGH,https://www.thenewsminute.com/amp/story/news/floods-and-landslides-batter-northeast-india
HIST-09,2025-07-01,Himachal Pradesh,Mandi,Mandi cloudburst (season cumulative point 2),31.708,76.932,landslide,cloudburst,51,CRITICAL,https://www.newsonair.gov.in/himachal-pradesh-51-people-killed-21-missing-amidst-monsoon-fury
HIST-10,2026-07-19,Jammu and Kashmir,Rajouri/Poonch/Doda,Rajouri district flood cluster,33.38,74.31,flood,heavy_monsoon_rain,15,CRITICAL,https://www.aljazeera.com/news/2026/7/20/at-least-25-killed-as-floods-and-landslides-hit-northern-india
HIST-11,2026-07-19,Nagaland,Mon,Mon district landslide,26.98,95.07,landslide,persistent_monsoon_rain,9,CRITICAL,https://www.aljazeera.com/news/2026/7/20/at-least-25-killed-as-floods-and-landslides-hit-northern-india
HIST-12,2025-05-31,Arunachal Pradesh,East Kameng,"NH13 landslide, East Kameng",27.63,93.2,landslide,incessant_monsoon_rain,9,CRITICAL,https://watchers.news/2025/06/01/floods-andslides-kill-over-30-peopleassam-arunachal-pradesh-mizoram-tripura-nagaland-sikkim-meghalaya/
HIST-13,2026-09-12,Mizoram,Kolasib,Vairengte,24.3,92.65,landslide,heavy_rain,1,HIGH,https://watchers.news/2026/09/14/landslide-kills-14-year-old-boy-and-injures-at-least-four-in-vairengte-mizoram-india/
HIST-14,2025-06-26,Himachal Pradesh,Kangra,"Khaniyara, Dharamshala",32.22,76.32,flood,cloudburst,8,CRITICAL,https://www.newsonair.gov.in/heavy-rains-lash-himachal-pradesh-cloudbursts-flash-floods-claim-5-lives
HIST-15,2025-05-31,Meghalaya,East Khasi Hills,Meghalaya flood cluster,25.57,91.88,flood,heavy_monsoon_rain,6,HIGH,https://watchers.news/2025/06/01/floods-andslides-kill-over-30-peopleassam-arunachal-pradesh-mizoram-tripura-nagaland-sikkim-meghalaya/
